,0
contract,95
bid,65
services,63
copies,48
event,47
rfp,43
property,38
contracts,34
email,32
id,30
name,30
sourcing,29
sfgov,28
inc,26
airport,25
proposals,24
vendor,23
evaluation,22
fees,22
time,21
contact,21
day,21
electronic,20
street,20
and,20
january,20
submitted,19
results,19
agency,19
responses,18
sincerely,18
plus,18
oca,18
violations,18
tabulation,17
writing,17
01,17
building,17
proposal,16
let,16
awarded,16
scoring,16
get,15
response,15
received,15
fire,15
address,15
need,15
6253,15
inspection,15
possible,15
us,15
communications,15
use,15
2022,14
group,14
list,14
questions,14
messages,14
project,14
used,14
incident,14
format,13
thp,13
sf,13
30,13
advance,13
access,13
work,13
site,13
review,13
commercial,12
document,12
obtain,12
provisions,12
last,12
number,12
recent,12
organization,12
agreement,12
years,12
health,12
costs,11
covid,11
system,11
international,11
winning,11
sfo,11
order,11
requires,11
collection,11
non,11
award,11
notify,11
foia,11
team,11
n,10
sent,10
business,10
concern,10
notes,10
service,10
m,10
assistance,10
subject,10
process,10
good,10
report,10
10,10
gov,10
amount,10
janitorial,10
administration,10
interested,10
departments,10
support,9
sheets,9
t,9
center,9
b,9
6250,9
area,9
2017,9
thanks,9
total,9
video,9
reference,9
open,9
maintenance,9
police,9
portion,9
inspect,9
housing,9
hope,9
program,9
help,9
seq,9
properties,9
well,9
provider,9
purposes,9
held,9
search,9
et,9
employment,9
company,9
requests,9
division,9
dear,9
per,8
phase,8
pertaining,8
permits,8
texts,8
pdf,8
67,8
phone,8
management,8
security,8
june,8
attention,8
call,8
policies,8
st,8
contractor,8
present,8
includes,8
immediate,8
data,8
bids,8
reports,8
exempt,8
freedom,8
emails,8
zoning,8
2018,8
want,8
03,8
make,7
car,7
operations,7
referenced,7
allied,7
all,7
12,7
pricing,7
microsoft,7
00,7
construction,7
administrative,7
shall,7
sheet,7
application,7
score,7
owner,7
p,7
reaching,7
se,7
teams,7
g,7
chats,7
puc,7
clear,7
paratransit,7
2014,7
send,7
offer,7
dms,7
pms,7
responsive,7
ask,7
4,6
waiver,6
terms,6
receiving,6
since,6
employees,6
firmographs,6
appointment,6
recology,6
judicial,6
copying,6
phillip,6
legal,6
watch,6
solicitation,6
approval,6
care,6
appreciate,6
individual,6
certificate,6
part,6
gmail,6
article,6
jennifer,6
selection,6
manager,6
general,6
due,6
whipple,6
notices,6
sfmta,6
complete,6
require,6
matter,6
understanding,6
november,6
documentation,6
reasonable,6
wash,6
amendments,6
specifically,6
applicable,6
510,6
on,6
po,6
needed,6
staff,6
automated,6
submit,6
insurance,6
etc,6
behalf,6
benefits,6
environmental,6
days,6
development,6
d,6
details,6
news,6
100,6
renewal,6
description,6
youth,6
job,5
published,5
statement,5
looking,5
apply,5
additional,5
port,5
25,5
check,5
provision,5
sfers,5
able,5
grease,5
assessment,5
invoices,5
issued,5
along,5
2021,5
cases,5
block,5
individuals,5
amendment,5
america,5
sonoma,5
vaccination,5
bidders,5
bidder,5
born,5
written,5
implementation,5
vaccinated,5
soon,5
payments,5
wish,5
supplier,5
annual,5
vehicle,5
home,5
positive,5
baylegal,5
bay,5
interest,5
specific,5
person,5
summary,5
as,5
correspondence,5
find,5
relevant,5
consideration,5
form,5
currently,5
term,5
even,5
footage,5
released,5
consulting,5
fiscal,5
december,5
expect,5
today,5
detailing,5
municipal,5
files,5
express,5
corporation,5
roddick,5
daniel,5
orders,5
voting,5
cpra,5
opportunity,5
refuse,5
moscone,5
50,5
transportation,5
determination,5
415,5
purchasing,5
education,5
o,5
taxi,5
duplication,5
respectfully,5
gillis,5
employee,5
violation,5
reached,5
disposal,5
see,5
completed,5
commission,5
denied,4
events,4
august,4
regards,4
estimate,4
policy,4
determine,4
jason,4
epic,4
database,4
best,4
electric,4
elizabeth,4
believe,4
rentals,4
expenditures,4
plans,4
expedite,4
start,4
items,4
auto,4
director,4
executive,4
waste,4
executed,4
excel,4
exceed,4
engineering,4
avenue,4
someone,4
purchase,4
facilities,4
chapter,4
hi,4
hesitate,4
forward,4
case,4
concerning,4
funds,4
vendors,4
17,4
hazardous,4
comments,4
certificates,4
providing,4
facility,4
set,4
chemicals,4
guard,4
galve,4
seeking,4
coalition,4
purview,4
september,4
purpose,4
clarification,4
18,4
reasons,4
hired,4
constitution,4
hoping,4
fagone,4
family,4
solutions,4
safety,4
clarify,4
software,4
price,4
file,4
books,4
improvement,4
final,4
financial,4
immediately,4
first,4
private,4
contend,4
bryan,4
procedures,4
i,4
buyer,4
processing,4
however,4
receipt,4
university,4
requirements,4
anything,4
timely,4
often,4
tc66326,4
transitional,4
line,4
transgender,4
mark,4
training,4
urban,4
pay,4
l,4
period,4
must,4
multiple,4
payment,4
21,4
taz,4
morning,4
lease,4
ten,4
owned,4
members,4
american,4
6284,4
leases,4
leavenworth,4
mobile,4
agreements,4
lempres,4
minutes,4
original,4
94124,4
might,4
trial,4
past,4
partner,4
note,4
above,4
parking,4
park,4
aramark,4
addition,4
understand,4
listed,4
account,4
000,4
official,4
october,4
confirm,3
forms,3
memoranda,3
ps,3
children,3
scholarly,3
8,3
usa,3
accept,3
accepted,3
tabulated,3
food,3
way,3
contain,3
containing,3
outreach,3
guidelines,3
mia,3
recently,3
contribute,3
settlement,3
harm,3
media,3
scores,3
templates,3
civil,3
website,3
making,3
senate,3
panel,3
seek,3
paid,3
mail,3
march,3
rafferty,3
clean,3
market,3
community,3
otherwise,3
function,3
greatly,3
full,3
complaints,3
9,3
grant,3
material,3
ability,3
mayor,3
friday,3
comply,3
technology,3
real,3
reapply,3
four,3
stewart,3
safe,3
control,3
enforcement,3
entities,3
return,3
digital,3
offered,3
rent,3
officials,3
detailed,3
removal,3
5,3
500,3
dept,3
departmental,3
rfq,3
deny,3
transdev,3
400,3
noon,3
deltek,3
result,3
required,3
respect,3
31,3
numbers,3
occupancy,3
0000004006,3
respondents,3
dpw,3
responding,3
representative,3
elevator,3
divorce,3
northern,3
north,3
denial,3
exact,3
reduction,3
custodian,3
months,3
6252,3
crime,3
farley,3
vtc,3
fauci,3
6255,3
hate,3
february,3
fee,3
county,3
feel,3
council,3
cost,3
mission,3
tickets,3
f,3
delay,3
moving,3
right,3
opening,3
relating,3
decide,3
names,3
death,3
exists,3
reimbursement,3
multi,3
title,3
dates,3
extend,3
much,3
registered,3
mpp,3
certified,3
mancuso,3
incidents,3
awards,3
student,3
2016,3
identifying,3
spreadsheet,3
agencies,3
probate,3
aforementioned,3
significantly,3
ave,3
app,3
square,3
persons,3
2,3
shows,3
show,3
procurement,3
short,3
authorities,3
adopted,3
cam,3
production,3
pertinent,3
personal,3
2007,3
attorney,3
agendas,3
later,3
source,3
0000006945,3
language,3
preferred,3
birth,3
space,3
black,3
possession,3
alclear,3
summaries,3
basis,3
leo,3
0000008027,3
based,3
aim,3
aid,3
letter,3
interstate,3
bowes,3
back,3
box,3
six,3
appropriate,3
beverage,3
paul,3
active,3
pm,3
attached,3
living,3
assess,3
llc,3
activities,3
stop,3
heights,3
whole,3
pitney,3
place,3
professional,3
storage,3
hereby,3
link,3
pimentel,3
standard,3
24,3
uses,3
joe,2
extensions,2
intersex,2
release,2
powered,2
requesters,2
excessive,2
jeff,2
percentage,2
national,2
external,2
educational,2
republic,2
exceeding,2
jenna,2
jingchao,2
onboarding,2
oil,2
interview,2
option,2
permitted,2
inspecting,2
narrowly,2
planning,2
performance,2
laboratory,2
effect,2
intent,2
ny,2
yet,2
position,2
permit,2
exist,2
world,2
exemption,2
john,2
relates,2
interests,2
expressly,2
effort,2
ext,2
everbridge,2
interviews,2
jan,2
newspapers,2
era,2
equity,2
equipment,2
niaid,2
0000007393,2
pertain,2
11421,2
officer,2
write,2
workers,2
entity,2
working,2
0000005787,2
keep,2
replacement,2
enterprise,2
end,2
justifies,2
enrollments,2
reporters,2
offense,2
nextrequest,2
regard,2
1102,2
noted,2
representing,2
occurred,2
portions,2
investigation,2
elijah,2
evaluators,2
evaluations,2
11204,2
workplace,2
investment,2
ellis,2
notification,2
else,2
oig,2
estate,2
invitation,2
notice,2
personnel,2
remainder,2
washing,2
kindly,2
eric,2
locator,2
powerwashing,2
hotel,2
x,2
willing,2
global,2
profit,2
xerox,2
quality,2
generator,2
gender,2
gathering,2
garment,2
plan,2
wilson,2
host,2
marriage,2
0000628718,2
pages,2
mass,2
fy,2
ramp,2
produce,2
funding,2
fund,2
fully,2
rates,2
ratings,2
friend,2
limitations,2
limit,2
hiring,2
hill,2
passenger,2
mae,2
location,2
hard,2
hall,2
welfare,2
hear,2
providers,2
longer,2
guilty,2
look,2
locating,2
guidance,2
local,2
prompt,2
0638,2
helpful,2
pst,2
herein,2
prohibits,2
los,2
party,2
participants,2
graders,2
gps,2
lot,2
lots,2
lumanog,2
hudson,2
package,2
pepsi,2
wellness,2
mike,2
miller,2
records,2
mind,2
redaction,2
0000006284,2
0000007921,2
presentations,2
1000025765,2
without,2
writings,2
incurred,2
lee,2
modification,2
hydrofluosilicic,2
pdt,2
oral,2
inform,2
preceded,2
pre,2
monthly,2
families,2
failed,2
pelosi,2
refusal,2
lean,2
lbe,2
moon,2
recorded,2
printeam,2
prioritize,2
water,2
pacific,2
likely,2
life,2
means,2
ideal,2
foster,2
problems,2
forth,2
medical,2
formats,2
pro,2
privileged,2
forklifts,2
meeting,2
force,2
member,2
level,2
receive,2
foods,2
prius,2
flexible,2
outstanding,2
xiong,2
outlets,2
firms,2
letters,2
fireeye,2
indicates,2
dog,2
segregation,2
83151,2
conducting,2
smartprocure,2
scorers,2
tests,2
16155,2
con,2
scott,2
termination,2
allows,2
alchemy,2
vitalant,2
7th,2
80,2
vision,2
template,2
confidential,2
sections,2
84,2
communication,2
aka,2
technologies,2
committee,2
sing,2
comcast,2
broadly,2
vietnamese,2
906,2
similar,2
code,2
909,2
utilized,2
conforming,2
submitting,2
savor,2
1485,2
copier,2
copied,2
salesforce,2
cooperation,2
cooking,2
san,2
646,2
social,2
150,2
thereof,2
therein,2
sattler,2
savings,2
boerman,2
connected,2
upload,2
bombardier,2
therefore,2
7,2
schedule,2
consultants,2
consultant,2
construe,2
bond,2
constructconnect,2
amounts,2
707,2
book,2
upper,2
cmd,2
silver,2
911,2
shops,2
charges,2
charged,2
charge,2
channel,2
advisory,2
cal,2
tabulations,2
verifications,2
accordance,2
sfchronicle,2
2433,2
certification,2
certain,2
central,2
closed,2
advertising,2
acid,2
svcs,2
camera,2
cdd,2
sfpd,2
additionally,2
candlestick,2
canon,2
castro,2
carriers,2
share,2
shenkman,2
settled,2
checks,2
cheryl,2
tall,2
94102,2
94103,2
tc66326d,2
close,2
agree,2
selected,2
buildings,2
tax,2
classified,2
buses,2
senior,2
sigma,2
shuttle,2
96104a,2
claims,2
citywide,2
showing,2
city,2
cite,2
citation,2
96104b,2
chronicle,2
96104c,2
videos,2
18th,2
cad,2
tao,2
tanks,2
china,2
angeles,2
646717,2
depew,2
discuss,2
vacant,2
direct,2
u,2
type,2
diego,2
authority,2
devices,2
architect,2
develop,2
apt,2
awardee,2
sponsored,2
design,2
april,2
468,2
approved,2
spending,2
dental,2
traps,2
rhea,2
delivery,2
traffic,2
towing,2
specialized,2
ricoh,2
bayshore,2
defined,2
discharge,2
arrest,2
rights,2
dismissed,2
research,2
statutory,2
statistics,2
units,2
states,2
duplicate,2
respond,2
drug,2
driver,2
uniform,2
drive,2
dph,2
download,2
attachment,2
dollar,2
368,2
responsibility,2
attachments,2
13,2
responsible,2
dob,2
district,2
distribution,2
attorneys,2
resulted,2
resulting,2
waive,2
totals,2
career,2
decision,2
crimes,2
criteria,2
2012,2
binary,2
csattler,2
tk,2
sought,2
csv,2
titled,2
6,2
14,2
roberts,2
60,2
roddickje,2
v,2
times,2
600,2
current,2
14043,2
dash,2
rolling,2
any,2
565,2
dbi,2
bini,2
cratus,2
another,2
appeal,2
rincon,2
apparel,2
counsel,2
5500,2
blvd,2
study,2
course,2
timothy,2
blank,2
blackstone,2
steve,1
writers,1
supplied,1
subsequent,1
supplement,1
supported,1
places,1
still,1
using,1
writer,1
plaintiff,1
pepsico,1
planned,1
stephanie,1
supply,1
stn,1
wrong,1
superior,1
plaintiffs,1
submittal,1
submission,1
performed,1
payee,1
stormwater,1
sunset,1
sub,1
paz,1
phan,1
utilizes,1
ph,1
strategy,1
peer,1
successes,1
utility,1
streams,1
summarizes,1
struggling,1
peacock,1
pbg,1
va,1
successful,1
suggested,1
structural,1
substitute,1
utilities,1
placed,1
wrap,1
peoplesoft,1
stolen,1
subsidy,1
strengthen,1
story,1
payouts,1
payroll,1
piggybacking,1
piedmont,1
photos,1
pays,1
subdivision,1
usts,1
sunnydale,1
worn,1
permitting,1
perpetrators,1
submittals,1
resalts,1
supportive,1
ord,1
truly,1
triage,1
treated,1
travel,1
trail,1
ok,1
towards,1
onboard,1
online,1
onsite,1
york,1
unresolved,1
top,1
tomorrow,1
together,1
yes,1
operate,1
to,1
operated,1
operation,1
operators,1
timetable,1
timelines,1
options,1
up,1
till,1
ticket,1
upcoming,1
yearly,1
officially,1
try,1
trying,1
unarmed,1
universal,1
oca_bid_attachments,1
occupancies,1
united,1
union,1
uniforms,1
occupation,1
occur,1
unemployment,1
under,1
zoll,1
unbuildable,1
unavailable,1
yuen,1
offices,1
unable,1
uchs,1
of,1
uber,1
off,1
twice,1
offenses,1
tv,1
turned,1
tuesday,1
offerings,1
tsa,1
officers,1
thyssenkrupp,1
yahoo,1
patrick,1
thus,1
pagesisbn,1
tc86003,1
tc66326a,1
tc60860,1
tc,1
tazautodetailing,1
taxicab,1
paperwork,1
par,1
para,1
task,1
targeted,1
parcel,1
taraval,1
talk,1
taken,1
participation,1
take,1
partneresi,1
partnerships,1
systems,1
parts,1
suspension,1
suspect,1
surveillance,1
passed,1
surplus,1
surety,1
patient,1
tc99301,1
steals,1
teamsters,1
outline,1
throughout,1
upgrading,1
ordinances,1
third,1
xx,1
organizations,1
origin,1
therefrom,1
os,1
theory,1
ouncesdimensions,1
outcomes,1
upon,1
outlining,1
page,1
text,1
overall,1
overdose,1
testing,1
terrace,1
oversight,1
tenderloin,1
tenant,1
telegraph,1
tel,1
packages,1
technical,1
packet,1
stemming,1
smashes,1
ste,1
santos,1
sale,1
redacting,1
redacted,1
recreation,1
sandra,1
volunteers,1
waterless,1
works,1
voluntary,1
satisfied,1
scanned,1
waterproofing,1
receives,1
scavenger,1
salary,1
refer,1
votes,1
sailaja,1
saif,1
sacramento,1
rule,1
referencing,1
referring,1
reflecting,1
ruiz,1
rpr,1
rose,1
room,1
regardless,1
romulus,1
register,1
voluntarily,1
scholar,1
recap,1
rating,1
wdfg,1
quotations,1
seen,1
radio,1
seeing,1
ralph,1
violence,1
rams,1
secure,1
rank,1
viralhog,1
secretary,1
second,1
rather,1
se8058,1
rebecca,1
screened,1
raymond,1
wd,1
reach,1
read,1
readily,1
ready,1
volume,1
scorecards,1
reasonably,1
scopes,1
scope,1
wayne,1
science,1
obtaining,1
robbins,1
registration,1
rest,1
reviewing,1
reviewed,1
waiting,1
revere,1
renovation,1
revenues,1
rental,1
revenue,1
repairs,1
retirement,1
retail,1
reply,1
reported,1
reporting,1
wants,1
revised,1
unless,1
responsibilities,1
walked,1
wang,1
wanted,1
representatives,1
requester,1
requestor,1
respondent,1
resources,1
resolutions,1
resident,1
requirement,1
researching,1
removed,1
remedial,1
regular,1
rideshare,1
reimburse,1
robber,1
road,1
reinstated,1
reinstatement,1
rm,1
relapsed,1
vulnerable,1
rku,1
relate,1
risk,1
wastewater,1
rimkus,1
relation,1
ride,1
rely,1
richmond,1
rich,1
rhonda,1
releases,1
releasing,1
rfq2022,1
w,1
rfps,1
relevance,1
rfpissued,1
wastes,1
wage,1
rfga,1
reward,1
question,1
quarry,1
seismic,1
presentation,1
south,1
wonderful,1
pra,1
practices,1
somewhere,1
sometimes,1
preference,1
prelim,1
preliminary,1
premium,1
sole,1
prescribed,1
prescription,1
women,1
sociology,1
posted,1
presented,1
prevention,1
requst,1
primarily,1
small,1
printing,1
sleeping,1
sleep,1
skills,1
withholding,1
prison,1
sitting,1
sister,1
sir,1
wondering,1
postage,1
probably,1
population,1
stat,1
platforms,1
plaza,1
plea,1
please,1
starts,1
standards,1
stadium,1
point,1
pointing,1
ssn,1
ssman4,1
poor,1
spreadsheets,1
spouse,1
wood,1
populations,1
worked,1
vacation,1
sponsor,1
spills,1
specified,1
pos,1
words,1
specializing,1
word,1
specialists,1
speak,1
spare,1
spanning,1
valley,1
procedure,1
wear,1
pulling,1
sfdhr,1
proprietary,1
prosecution,1
protect,1
protest,1
protests,1
sewer,1
proving,1
victims,1
welf,1
proxy,1
prr,1
publications,1
septic,1
pulls,1
wells,1
pump,1
weight,1
sense,1
purchased,1
purchaser,1
pureed,1
senator,1
sellers,1
select,1
seiu1021,1
pw,1
q,1
qty,1
qualifies,1
proposal83640micro,1
whatever,1
signed,1
productions,1
proceed,1
van,1
proceeding,1
sign,1
proceedings,1
processes,1
procurements,1
shots,1
window,1
produced,1
producer,1
sheyla,1
sheriff,1
product,1
shenkmanhughes,1
whereby,1
professionals,1
shell,1
vehicles,1
shares,1
programs,1
sftreasurer,1
sfrpd,1
williams,1
sfpuc,1
projects,1
sfpl,1
veloz,1
promptly,1
verification,1
rocco,1
0,1
obliged,1
atlanta,1
assisting,1
assigned,1
asset,1
assessor,1
aspect,1
asm,1
asin,1
asides,1
aside,1
asians,1
asian,1
asenloo,1
arrested,1
arrangement,1
armed,1
arlington,1
archival,1
architectural,1
approve,1
appreciated,1
applies,1
applications,1
appear,1
apn,1
apm,1
asts,1
attack,1
94110,1
attempting,1
behind,1
beginning,1
began,1
becomes,1
become,1
bear,1
bbernstein,1
bautista05,1
bautista,1
banks,1
banking,1
bail,1
baggage,1
background,1
b0byr1w5dnpublisher,1
aware,1
avoid,1
aviation,1
avery,1
authorizing,1
authorized,1
audrey,1
audits,1
audit,1
audiotapes,1
aol,1
anytime,1
anyone,1
anticipated,1
addresses,1
actual,1
actively,1
across,1
accountant,1
accordingly,1
accepting,1
absence,1
abc7news,1
abc7,1
____________________________________,1
9th,1
99301,1
979,1
9749,1
9702,1
95826,1
94612,1
94610,1
946,1
94134,1
94128,1
94123,1
94121,1
94117,1
adm,1
admin,1
administered,1
albert,1
anticipate,1
answered,1
answer,1
announces,1
annie,1
angelesco,1
ancient,1
ancestors,1
amigo,1
ambulatory,1
alvarado,1
airspace,1
administering,1
airside,1
air,1
agent,1
ag,1
affiliated,1
advised,1
advise,1
adults,1
admitted,1
administrator,1
administers,1
bernstein,1
better,1
beyond,1
ch,1
collect,1
coleridge,1
coleman,1
cloths,1
clinics,1
client,1
click,1
clerk,1
clementina,1
cleanup,1
cleaning,1
classification,1
classes,1
clariﬁers,1
clarifications,1
circa,1
cir,1
christopher,1
chloride,1
chicago,1
chem,1
charter,1
channels,1
changes,1
change,1
collected,1
comb,1
combine,1
conduct,1
context,1
content,1
contained,1
contacted,1
consultation,1
consultancy,1
constitutionality,1
considering,1
considered,1
connection,1
conducted,1
conditional,1
commissioned,1
condition,1
concessions,1
comprehensive,1
completion,1
completing,1
compensation,1
compared,1
companies,1
comp,1
commuter,1
common,1
chance,1
centereach,1
billed,1
cement,1
broullón,1
brooke,1
brokerage,1
brittany,1
bridgeview,1
bridge,1
breakdown,1
branch,1
bpo,1
bpaz,1
bound,1
boulevard,1
bottling,1
booster,1
boosted,1
bono,1
bodycam,1
body,1
boarding,1
board,1
bmi,1
blossom,1
birthday,1
billings,1
billing,1
budget,1
build,1
bureau,1
caretaker,1
cell,1
cdss,1
cctv,1
cause,1
category,1
categories,1
casualty,1
cart,1
carriage,1
carlton,1
carlos,1
cards,1
bushika,1
card,1
captured,1
candidacy,1
calendar,1
caleb,1
caitlin,1
cafeteria,1
ca,1
byron,1
bvhpf,1
butinsteadthey,1
94116,1
94109,1
oakland,1
15,1
1433,1
1431,1
1382,1
1368,1
1348,1
134,1
1330,1
1308,1
129,1
125,1
11th,1
119,1
1178,1
1174,1
11720,1
11400,1
1125,1
1100,1
1059,1
100002530,1
1000024797,1
1000024566,1
1000024025,1
1000021126,1
1000018218,1
1442,1
1523,1
919,1
159,1
2023,1
20171,1
201210292988,1
2011,1
2009,1
2006,1
20,1
1st,1
1pm,1
1998,1
1973,1
1969,1
1944,1
1918,1
190th,1
1892,1
1842,1
1798,1
1735,1
166,1
16522,1
1650,1
165,1
1622,1
16,1
1000017110,1
1000015473,1
1000012662,1
09,1
0000007485,1
0000007468,1
0000007466,1
0000007447,1
0000007286,1
0000007280,1
0000006941,1
0000006932,1
0000006918,1
0000006622,1
0000006600,1
0000006460,1
0000006444,1
0000006386,1
0000006291,1
0000006259,1
0000006238,1
0000006208,1
0000006160,1
0000006045,1
0000005942,1
0000005913,1
0000005905,1
0000005517,1
0000004868,1
0000007554,1
0000007581,1
0000007591,1
00am,1
0800,1
06,1
0548,1
05061976,1
05,1
047,1
041,1
04,1
0204,1
02,1
00pm,1
0046,1
0000007595,1
0000008295,1
0000008258,1
0000008232,1
0000007895,1
0000007868,1
0000007827,1
0000007736,1
0000007654,1
0000007634,1
0000007602,1
0000007599,1
20519555,1
208,1
2137,1
512,1
6429,1
64,1
6357,1
6316,1
6257,1
6215,1
6202,1
62,1
6182733,1
6169,1
609,1
608,1
60640,1
605,1
595,1
590,1
586281812,1
577,1
5626,1
5533,1
5521,1
552,1
55,1
547,1
54,1
650,1
663,1
665,1
7876,1
910,1
90248,1
8th,1
8973,1
8888107300item,1
861,1
8590,1
850,1
845,1
83700,1
81262,1
773,1
6894,1
7630,1
75130,1
74204,1
7324,1
7295,1
725,1
716,1
714,1
7089,1
702,1
7010,1
522,1
51,1
2139,1
5069,1
350,1
31st,1
315,1
3100,1
30pm,1
306,1
30339,1
3,1
2wd,1
2nd,1
290,1
2847,1
2844,1
28,1
27th,1
27212,1
26th,1
24th,1
247,1
242,1
2291,1
2229,1
222703371,1
215,1
2142,1
355,1
356,1
367,1
461,1
50308,1
50240,1
502,1
50112,1
501,1
4th,1
485,1
480,1
477,1
4763,1
4738671,1
440,1
3739343,1
430,1
424,1
4186,1
4156320287,1
40,1
3rd,1
3r,1
396475,1
391,1
385,1
377,1
continually,1
continuance,1
contractors,1
jnnfrrddck,1
jessum,1
jenneliza057,1
je,1
jams,1
james,1
jail,1
jackson,1
ja,1
iwouldatleady,1
iwasnot,1
item,1
italy,1
iron,1
involving,1
involved,1
involve,1
involuntarily,1
invited,1
investments,1
investigative,1
investigations,1
inventory,1
intl,1
intersections,1
interceptors,1
jin,1
jobs,1
contribution,1
jobsite,1
labor,1
l973193,1
kyoung,1
kwang,1
kurella,1
kshenkman,1
kritzer,1
konica,1
known,1
kitchen,1
kicherer,1
kevin,1
kelita,1
k3q8eb9uni,1
justice,1
jury,1
jurisdiction,1
jue,1
judicialwatch,1
judge,1
jr,1
jpjrsf,1
joseph,1
jones,1
johnson,1
intended,1
instructions,1
institutes,1
institute,1
ifb,1
identity,1
identify,1
identified,1
identifiable,1
identical,1
ideals,1
ideally,1
idea,1
hurt,1
human,1
hudfoias,1
http,1
hsa,1
hr,1
hours,1
hourly,1
hotmail,1
honda,1
homelessness,1
homeless,1
holding,1
history,1
historical,1
historic,1
iii,1
il,1
imaging,1
incurring,1
inst,1
inquire,1
innovia,1
injection,1
initiated,1
initial,1
infrastructure,1
informed,1
infirmary,1
indicating,1
independent,1
incur,1
immigrant,1
incorporated,1
income,1
inclusion,1
included,1
incidences,1
inchesbest,1
inch,1
incentive,1
in,1
impoverished,1
imposed,1
landside,1
late,1
latest,1
methods,1
nationalreview,1
nation,1
my,1
muni,1
multifamily,1
mugshot,1
mover,1
motorola,1
mostly,1
mortimer,1
montgomery,1
monitoring,1
monday,1
modifying,1
modifications,1
missionlocal,1
missed,1
misrouted,1
misdemeanors,1
minolta,1
minimum,1
migration,1
mig,1
microset,1
michaella,1
nations,1
native,1
nature,1
nola,1
oak,1
numbered,1
nrcg,1
nrc,1
nr,1
nothing,1
not,1
nonprofits,1
nonprofit,1
nonetheless,1
nomination,1
noe,1
ncscredit,1
noah,1
no,1
nih,1
night,1
next,1
net,1
ness,1
negotiations,1
necessarily,1
nearby,1
near,1
metro,1
message,1
lauren,1
mentioned,1
lombard,1
locations,1
ln,1
live,1
litter,1
litigation,1
lists,1
listing,1
lines,1
lind,1
limits,1
library,1
libraries,1
liaison,1
liability,1
levi,1
leona,1
legislation,1
legality,1
led,1
leave,1
leased,1
learn,1
laws,1
lawfully,1
long,1
looting,1
lose,1
matrix,1
mention,1
mendell,1
men,1
mek,1
meet,1
meaning,1
mcdonnell,1
mcallister,1
mboerman,1
matters,1
matt,1
mask,1
loss,1
marler,1
many,1
managers,1
maintained,1
mainly,1
main,1
mailing,1
madison,1
madam,1
lyft,1
ltd,1
highlights,1
herndon,1
helping,1
dispatch,1
economic,1
ecology,1
eastbound,1
east,1
easily,1
early,1
each,1
duty,1
duties,1
dusting,1
dufry,1
ductile,1
dt,1
drives,1
dr,1
dorado,1
dope,1
donohoe,1
domenico,1
documentary,1
doc,1
divorced,1
distributing,1
dissolution,1
disposition,1
ed,1
effective,1
efforts,1
enterprises,1
establish,1
essel,1
especially,1
eskenazi,1
erp,1
erickicherer,1
equality,1
environment,1
enumerate,1
entres,1
entitled,1
enough,1
efm,1
englishpaperback,1
engagement,1
enforced,1
endorsements,1
emily,1
elev,1
election,1
elected,1
elderly,1
el,1
either,1
dispatched,1
disclosable,1
ethics,1
directors,1
deadline,1
dbe,1
dba,1
dayanara,1
dating,1
datemay,1
dated,1
datasf,1
dan,1
damages,1
daily,1
cultural,1
cucp,1
crown,1
credit,1
creating,1
created,1
covered,1
courts,1
court,1
counties,1
correct,1
corp,1
coordinator,1
controller,1
debriefs,1
dec,1
deceased,1
deploys,1
directly,1
different,1
died,1
developed,1
determined,1
detained,1
desktops,1
designation,1
describes,1
described,1
describe,1
dependent,1
deciding,1
department,1
delorbe,1
dell,1
delivering,1
delivered,1
deliver,1
delimited,1
defining,1
defibrillators,1
deep,1
deductibles,1
establishing,1
ever,1
helper,1
fruitridge,1
goods,1
goodlett,1
golf,1
golden,1
go,1
gloria,1
glad,1
given,1
give,1
getting,1
gets,1
getinfo,1
geneva,1
generation,1
generated,1
gene,1
gate,1
galindo,1
ga,1
fy22,1
future,1
furnished,1
funded,1
fulfilled,1
fulfill,1
governance,1
govt,1
grading,1
handling,1
helen,1
hedge,1
hearing,1
heard,1
healthmarkit,1
hazard,1
hasstoppedmefrom,1
hardships,1
happy,1
happiness,1
happened,1
hailing,1
graham,1
hahn,1
habib,1
guaranteed,1
grover,1
groups,1
ground,1
griffith,1
grievances,1
gregory,1
greetings,1
greater,1
fta,1
fresh,1
eviction,1
free,1
felony,1
fax,1
fantastic,1
familiar,1
fair,1
factors,1
factor,1
facilitate,1
face,1
fa42702,1
extending,1
extended,1
explore,1
explanation,1
expenses,1
expended,1
expedited,1
expected,1
exited,1
exhibits,1
exempting,1
execution,1
exclusions,1
exchanged,1
example,1
felton,1
ferguson,1
ferric,1
foresee,1
frederick,1
fransisco,1
franciso,1
framework,1
frames,1
frame,1
foxguard,1
fox,1
forwarded,1
formerly,1
forklift,1
for,1
ferrous,1
foot,1
folsom,1
follow,1
fka,1
fine,1
finds,1
findings,1
financials,1
filing,1
fields,1
fgi,1
image,1
